{
  "name": "angular-resource",
  "version": "1.5.9",
  "license": "MIT",
  "main": "./angular-resource.js",
  "ignore": [],
  "dependencies": {
    "angular": "1.5.9"
  },
  "homepage": "https://github.com/angular/bower-angular-resource",
  "_release": "1.5.9",
  "_resolution": {
    "type": "version",
    "tag": "v1.5.9",
    "commit": "619c7d56fdbfdde88d473e8a9df93088eabb814c"
  },
  "_source": "https://github.com/angular/bower-angular-resource.git",
  "_target": "^1.5.9",
  "_originalSource": "angular-resource",
  "_direct": true
}